Order_ID,Employee_ID,Product,Quantity,Amount,Order_Date,Average_Unit_Price
1001,101,Laptop,2,120000,2026-01-10,60000.0
1002,103,Mouse,5,5000,2026-01-12,1000.0
1003,102,Keyboard,3,4500,2026-01-15,1500.0
1004,104,Monitor,2,30000,2026-01-18,15000.0
1005,105,Laptop,1,60000,2026-01-20,60000.0
1006,101,Keyboard,4,6000,2026-01-22,1500.0
1007,106,Monitor,3,45000,2026-01-25,15000.0
1008,103,Laptop,2,120000,2026-02-02,60000.0
1009,108,Mouse,6,6000,2026-02-05,1000.0
1010,110,Laptop,1,60000,2026-02-08,60000.0
1011,107,Keyboard,2,3000,2026-02-10,1500.0
1012,109,Monitor,1,15000,2026-02-12,15000.0
